<?xml version="1.0" encoding="utf-8"?>
<feed xmlns="http://www.w3.org/2005/Atom"
    xmlns:rdf="http://www.w3.org/1999/02/22-rdf-syntax-ns#"
    xmlns:leap2="http://terms.leapspecs.org/"
    xmlns:categories="http://wiki.leapspecs.org/2A/categories/"
    xmlns:portfolio="https://eportfolio.u-pec.fr/export/leap/3573/1663685766/"
    xmlns:mahara="http://wiki.mahara.org/Developer_Area/Import%2F%2FExport/LEAP_Extensions#"
>
    <leap2:version>http://www.leapspecs.org/2010-07/2A/</leap2:version>
    <id>https://eportfolio.u-pec.fr/export/3573/1663685766</id>
    <title>Mahara Leap2A Export for Fatine BASHIR, 20/09/2022 16:56</title>
    <updated>2022-09-20T16:04:06+02:00</updated>
    <generator uri="https://mahara.org/" version="2008122400">Mahara</generator>
    <author>
        <name>Fatine BASHIR</name>
        <email>fatine.bashir@etu.u-pec.fr</email>
        <uri>portfolio:artefactinternal</uri>
    </author>

    <entry>
        <title>Profile page</title>
        <id>portfolio:view30755</id>

        <updated>2022-09-20T16:04:52+02:00</updated>
        <published>2022-09-20T16:04:27+02:00</published>

        <summary type="xhtml"><div xmlns="http://www.w3.org/1999/xhtml"><div>Your profile page is what others see when they click on your name or profile picture.</div></div></summary>

   <subtitle type="xhtml"><div xmlns="http://www.w3.org/1999/xhtml"><div></div></div></subtitle>
        <content type="xhtml"><div xmlns="http://www.w3.org/1999/xhtml"><div><div id="user_block_131821"><div class="bt-profileinfo gridstackblock card card-secondary card-regular clearfix" id="user_blockinstance_131821">
    
    
    
        <h2 class="title card-header js-heading">
            

            <span class="collapse-inline">
                About me
                
            </span>

            

        </h2>
    

    <div class="block" id="user_blockinstance_131821_target">
        
        
            
    
    <div class="card-body flush">
    
    
    
    
        <ul class="unstyled profile-info">
        
            <li><strong>Prénom:</strong> Fatine</li>
        
            <li><strong>Nom:</strong> BASHIR</li>
        
            <li><strong>Identifiant étudiant:</strong> u32206188</li>
        
            <li><strong>Nom préféré:</strong> Fatine Bashir</li>
        
        </ul>
    
    
    
    
    </div>
    


        
    </div>
</div>
</div><div id="user_block_131823"><div class="bt-myfriends gridstackblock card card-secondary clearfix" id="user_blockinstance_131823">
    
    
    
        <h2 class="title card-header js-heading">
            

            <span class="collapse-inline">
                Mes contacts
                
            </span>

            

        </h2>
    

    <div class="block" id="user_blockinstance_131823_target">
        
        
            <div class="friends card-body">

    
        <div class="text-center">
            Essayez la <a href="https://eportfolio.u-pec.fr/user/index.php">recherche de contacts </a> pour étendre votre réseau !
        </div>
    

</div>

        
    </div>
</div>
</div><div id="user_block_131824"><div class="bt-wall gridstackblock card card-secondary clearfix" id="user_blockinstance_131824">
    
    
    
        <h2 class="title card-header js-heading">
            

            <span class="collapse-inline">
                Mur
                
            </span>

            

        </h2>
    

    <div class="block" id="user_blockinstance_131824_target">
        
        
            
<div class="form-group requiredmarkerdesc d-none">Les rubriques avec un « * » doivent être saisies.</div><div id="user_wallpost_131824_postsizelimit_container" class="metadata html form-group">Au maximum 1500 caractères par message.</div>
<div id="user_wallpost_131824_text_container" class="html required wysiwyg form-group">Envoyer <span class="requiredmarker">*</span></div>
<div id="user_wallpost_131824_private_container" class="switchbox form-group">Rendre votre message privé ?<div class="form-switch">
    <div class="switch">
        

        
            <span class="switch-inner"></span>
            <span class="switch-indicator"></span>
            <span class="state-label on">Oui</span>
            <span class="state-label off">Non</span>
        
    </div>
    
</div>
</div>
<div id="user_wallpost_131824_submit_container" class="primary submit form-group"></div>






<div id="user_wall" class="wall list-group list-group-lite list-group-top-border">
    
        <div class="card-body lead text-small text-center">Aucun message à afficher sur le mur</div>
    
    
</div>

    <a href="https://eportfolio.u-pec.fr/blocktype/wall/wall.php?id=131824" class="detail-link link-blocktype"><span class="icon icon-arrow-circle-right"></span> Voir tout le mur</a>


        
    </div>
</div>
</div><div id="user_block_131825"><div class="bt-myviews gridstackblock card card-secondary clearfix" id="user_blockinstance_131825">
    
    
    
        <h2 class="title card-header js-heading">
            

            <span class="collapse-inline">
                Mes portfolios
                
            </span>

            

        </h2>
    

    <div class="block" id="user_blockinstance_131825_target">
        
        
            
    <div class="list-group">
        <div id="user_myviewlist">
            
    <div class="list-group-item flush">
        <h3 class="title list-group-item-heading text-inline">
            <a href="https://eportfolio.u-pec.fr/view/view.php?id=30802">Découverte de Mahara</a>
        </h3>

        

        
        <div class="list-group-item-text text-small">
            Mes premiers pas sur Mahara - première séance de la SAE 14 ...
        </div>
        

        
    </div>


        </div>
    
        <div id="user_myviews_page_container" class="d-none"><div id="user_myviews_pagination" class="pagination-wrapper center"><div class="lead text-small results float-right">1 résultat</div></div></div>
    
    
    
    
    </div>


        
    </div>
</div>
</div><div id="user_block_131822"><div class="bt-mygroups gridstackblock card card-secondary clearfix" id="user_blockinstance_131822">
    
    
    
        <h2 class="title card-header js-heading">
            

            <span class="collapse-inline">
                Mes groupes
                
            </span>

            

        </h2>
    

    <div class="block" id="user_blockinstance_131822_target">
        
        
            
    <div class="card-body">
        <p class="no-results-small">Affilié à aucun groupe</p>
    </div>


        
    </div>
</div>
</div></div></div></content>
        <rdf:type rdf:resource="leap2:selection"/>

        <link rel="leap2:has_part" href="portfolio:artefact86273"/>
        <link rel="leap2:has_part" href="portfolio:artefact86274"/>
        <link rel="leap2:has_part" href="portfolio:artefact86275"/>
        <link rel="leap2:has_part" href="portfolio:artefact86276"/>


        <category term="Webpage" scheme="categories:selection_type#"/>





        <mahara:view mahara:newlayout="1" mahara:type="profile" mahara:ownerformat="6">
        
            
            <mahara:blockinstance mahara:blocktype="profileinfo" mahara:blocktitle="About me" mahara:positionx="0" mahara:positiony="0" mahara:height="12" mahara:width="6">
                
                    
                    <mahara:fields>[[&quot;firstname&quot;,&quot;lastname&quot;,&quot;studentid&quot;,&quot;preferredname&quot;]]</mahara:fields>
                    
                
                
                
            </mahara:blockinstance>
            
            <mahara:blockinstance mahara:blocktype="myfriends" mahara:blocktitle="" mahara:positionx="6" mahara:positiony="0" mahara:height="9" mahara:width="6">
                
                
                
            </mahara:blockinstance>
            
            <mahara:blockinstance mahara:blocktype="wall" mahara:blocktitle="" mahara:positionx="6" mahara:positiony="9" mahara:height="12" mahara:width="6">
                
                
                
            </mahara:blockinstance>
            
            <mahara:blockinstance mahara:blocktype="myviews" mahara:blocktitle="" mahara:positionx="0" mahara:positiony="12" mahara:height="5" mahara:width="6">
                
                
                
            </mahara:blockinstance>
            
            <mahara:blockinstance mahara:blocktype="mygroups" mahara:blocktitle="" mahara:positionx="0" mahara:positiony="17" mahara:height="12" mahara:width="6">
                
                
                
            </mahara:blockinstance>
            
        
        </mahara:view>
    </entry>

    <entry>
        <title>Dashboard page</title>
        <id>portfolio:view30757</id>

        <updated>2022-09-20T16:04:27+02:00</updated>
        <published>2022-09-20T16:04:27+02:00</published>

        <summary type="xhtml"><div xmlns="http://www.w3.org/1999/xhtml"><div></div></div></summary>

   <subtitle type="xhtml"><div xmlns="http://www.w3.org/1999/xhtml"><div></div></div></subtitle>
        <content type="xhtml"><div xmlns="http://www.w3.org/1999/xhtml"><div><div id="user_block_131834"><div class="bt-newviews gridstackblock card card-secondary clearfix" id="user_blockinstance_131834">
    
    
    
        <h2 class="title card-header js-heading">
            

            <span class="collapse-inline">
                Portfolios partagés avec moi
                
            </span>

            

        </h2>
    

    <div class="block" id="user_blockinstance_131834_target">
        
        
            
<div class="card-body">
    <p class="lead text-small">Aucunes pages ni collections</p>
</div>


        
    </div>
</div>
</div><div id="user_block_131832"><div class="bt-inbox gridstackblock card card-secondary clearfix" id="user_blockinstance_131832">
    
    
    
        <h2 class="title card-header js-heading">
            

            <span class="collapse-inline">
                Boîte de réception
                
            </span>

            

        </h2>
    

    <div class="block" id="user_blockinstance_131832_target">
        
        
            
    <div id="user_inboxblock" class="inboxblock list-group">
        
        <div class="collapsible list-group-item flush-collapsible">
            
                <h3 class="title list-group-item-heading"><a class="collapsed link-block" href="#message_content_maharamessage_53216">
                    
                        <span class="icon icon-wrench text-default left"></span>
                    
                    <span class="sr-only">Messages système</span>
                    <span class="subject">Confirmation d'affiliation à une institution</span>
                    <span class="icon icon-chevron-down collapse-indicator float-right"></span>
                </a></h3>
            
            <div class="collapse" id="user_message_content_maharamessage_53216">
                
                    <p class="content-text">Vous êtes maintenant membre de UPEC.</p>
                    
                    
                
            </div>
        </div>
        
    </div>
    
    


        
    </div>
</div>
</div><div id="user_block_131833"><div class="bt-myviews gridstackblock card card-secondary clearfix" id="user_blockinstance_131833">
    
    
    
        <h2 class="title card-header js-heading">
            

            <span class="collapse-inline">
                Mes portfolios
                
            </span>

            

        </h2>
    

    <div class="block" id="user_blockinstance_131833_target">
        
        
            
    <div class="list-group">
        <div id="user_myviewlist">
            
    <div class="list-group-item flush">
        <h3 class="title list-group-item-heading text-inline">
            <a href="https://eportfolio.u-pec.fr/view/view.php?id=30802">Découverte de Mahara</a>
        </h3>

        

        
        <div class="list-group-item-text text-small">
            Mes premiers pas sur Mahara - première séance de la SAE 14 ...
        </div>
        

        
    </div>


        </div>
    
        <div id="user_myviews_page_container" class="d-none"><div id="user_myviews_pagination" class="pagination-wrapper center"><div class="lead text-small results float-right">1 résultat</div></div></div>
    
    
    
    
    </div>


        
    </div>
</div>
</div><div id="user_block_131831"><div class="bt-inbox gridstackblock card card-secondary clearfix" id="user_blockinstance_131831">
    
    
    
        <h2 class="title card-header js-heading">
            

            <span class="collapse-inline">
                Sujets que je suis
                
            </span>

            

        </h2>
    

    <div class="block" id="user_blockinstance_131831_target">
        
        
            
    <div class="card-body">
        <p class="lead text-small">Pas de messages</p>
    </div>


        
    </div>
</div>
</div></div></div></content>
        <rdf:type rdf:resource="leap2:selection"/>



        <category term="Webpage" scheme="categories:selection_type#"/>





        <mahara:view mahara:newlayout="1" mahara:type="dashboard" mahara:ownerformat="6">
        
            
            <mahara:blockinstance mahara:blocktype="newviews" mahara:blocktitle="" mahara:positionx="0" mahara:positiony="0" mahara:height="1" mahara:width="6">
                
                    
                    <mahara:limit>[5]</mahara:limit>
                    
                
                    
                    <mahara:user>[1]</mahara:user>
                    
                
                    
                    <mahara:friend>[1]</mahara:friend>
                    
                
                    
                    <mahara:group>[1]</mahara:group>
                    
                
                
                
            </mahara:blockinstance>
            
            <mahara:blockinstance mahara:blocktype="inbox" mahara:blocktitle="" mahara:positionx="6" mahara:positiony="0" mahara:height="1" mahara:width="6">
                
                    
                    <mahara:feedback>[true]</mahara:feedback>
                    
                
                    
                    <mahara:groupmessage>[true]</mahara:groupmessage>
                    
                
                    
                    <mahara:institutionmessage>[true]</mahara:institutionmessage>
                    
                
                    
                    <mahara:maharamessage>[true]</mahara:maharamessage>
                    
                
                    
                    <mahara:usermessage>[true]</mahara:usermessage>
                    
                
                    
                    <mahara:viewaccess>[true]</mahara:viewaccess>
                    
                
                    
                    <mahara:watchlist>[true]</mahara:watchlist>
                    
                
                    
                    <mahara:maxitems>[&quot;5&quot;]</mahara:maxitems>
                    
                
                    
                    <mahara:wallpost>[true]</mahara:wallpost>
                    
                
                
                
            </mahara:blockinstance>
            
            <mahara:blockinstance mahara:blocktype="myviews" mahara:blocktitle="" mahara:positionx="0" mahara:positiony="1" mahara:height="1" mahara:width="6">
                
                
                
            </mahara:blockinstance>
            
            <mahara:blockinstance mahara:blocktype="inbox" mahara:blocktitle="" mahara:positionx="6" mahara:positiony="1" mahara:height="1" mahara:width="6">
                
                    
                    <mahara:newpost>[true]</mahara:newpost>
                    
                
                    
                    <mahara:maxitems>[&quot;5&quot;]</mahara:maxitems>
                    
                
                
                
            </mahara:blockinstance>
            
        
        </mahara:view>
    </entry>

    <entry>
        <title>Découverte de Mahara</title>
        <id>portfolio:view30802</id>

        <updated>2022-09-20T16:04:48+02:00</updated>
        <published>2022-09-20T16:04:33+02:00</published>

        <summary type="xhtml"><div xmlns="http://www.w3.org/1999/xhtml"><div>Mes premiers pas sur Mahara - première séance de la SAE 14 ...</div></div></summary>

   <subtitle type="xhtml"><div xmlns="http://www.w3.org/1999/xhtml"><div></div></div></subtitle>
        <content type="xhtml"><div xmlns="http://www.w3.org/1999/xhtml"><div><div id="user_block_132020"><div class="bt-text gridstackblock card card-secondary clearfix" id="user_blockinstance_132020">
    
    
        <div class="block-header quick-edit d-none">
    <a class="modal_link list-group-heading" href="#" title="Édition rapide">
        <span class="icon icon-pencil-alt" title="Édition rapide"></span>
        Édition rapide
    </a>
</div>

    
    
        <h2 class="title card-header js-heading">
            

            <span class="collapse-inline">
                Présentation
                
            </span>

            

        </h2>
    

    <div class="block" id="user_blockinstance_132020_target">
        
        
            

<div class="textblock card-body flush">
<p>Ceci est mon premier bloc de la page "<strong>Découverte de Mahara</strong>..."</p>
<ol>
<li>item1</li>
<li>item2</li>
<li>item3</li>
</ol>
</div>


        
    </div>
</div>
</div><div id="user_block_132040"><div class="bt-image gridstackblock card card-secondary clearfix" id="user_blockinstance_132040">
    
        <div class="block-header d-none">
    
        <a class="commentlink" href="#" title="">
        
            
                <span class="icon icon-plus" title="Commentaires et les détails"></span>
                Ajouter un commentaire
                <span class="bh-margin-left icon icon-search-plus"></span>
                Détails
            
        
        </a>
    
</div>

    
    
    
        <h2 class="title card-header js-heading">
            

            <span class="collapse-inline">
                Bloc - images
                
            </span>

            

        </h2>
    

    <div class="block" id="user_blockinstance_132040_target">
        
        
            <div class="imageblock card-body">
    <div class="image">
        
        <a class="modal_link" href="#">
            <img rel="leap2:has_part" href="portfolio:artefact86426" alt="R.jpg" title="R.jpg" />
        </a>
        
    </div>

    
</div>

        
    </div>
</div>
</div><div id="user_block_132099"><div class="bt-image gridstackblock card card-secondary clearfix" id="user_blockinstance_132099">
    
        <div class="block-header d-none">
    
        <a class="commentlink" href="#" title="">
        
            
                <span class="icon icon-plus" title="Commentaires et les détails"></span>
                Ajouter un commentaire
                <span class="bh-margin-left icon icon-search-plus"></span>
                Détails
            
        
        </a>
    
</div>

    
    
    
        <h2 class="title card-header js-heading">
            

            <span class="collapse-inline">
                Silouhette 
                
            </span>

            

        </h2>
    

    <div class="block" id="user_blockinstance_132099_target">
        
        
            <div class="imageblock card-body">
    <div class="image">
        
        <a class="modal_link" href="#">
            <img rel="leap2:has_part" href="portfolio:artefact86428" alt="télécharger.jpg.1" title="télécharger.jpg.1" />
        </a>
        
    </div>

    
</div>

        
    </div>
</div>
</div><div id="user_block_132071"><div class="bt-externalvideo gridstackblock card card-secondary card-brand clearfix" id="user_blockinstance_132071">
    
    
    
        <h2 class="title card-header js-heading">
            

            <span class="collapse-inline">
                Tutoriel Mahara
                
            </span>

            

        </h2>
    

    <div class="block" id="user_blockinstance_132071_target">
        
        
            <div class="mediaplayer-container text-center card-body">
  <div id="user_vid_132071" class="mediaplayer" style="margin:0 auto;">
    <iframe class="externalvideoiframe" width="640" height="480" src="https://www.youtube.com/embed/rkp0i5Vsq3s?start=" allowfullscreen="1"></iframe>
    
  </div>
</div>

        
    </div>
</div>
</div></div></div></content>
        <rdf:type rdf:resource="leap2:selection"/>

        <link rel="leap2:has_part" href="portfolio:artefact86426"/>
        <link rel="leap2:has_part" href="portfolio:artefact86428"/>


        <category term="Webpage" scheme="categories:selection_type#"/>





        <mahara:view mahara:newlayout="1" mahara:type="portfolio" mahara:ownerformat="6">
        
            
            <mahara:blockinstance mahara:blocktype="text" mahara:blocktitle="Présentation" mahara:positionx="1" mahara:positiony="0" mahara:height="30" mahara:width="3">
                
                    
                    <mahara:text>[&quot;&lt;p&gt;Ceci est mon premier bloc de la page \&quot;&lt;strong&gt;D&amp;eacute;couverte de Mahara&lt;\/strong&gt;...\&quot;&lt;\/p&gt;\r\n&lt;ol&gt;\r\n&lt;li&gt;item1&lt;\/li&gt;\r\n&lt;li&gt;item2&lt;\/li&gt;\r\n&lt;li&gt;item3&lt;\/li&gt;\r\n&lt;\/ol&gt;&quot;]</mahara:text>
                    
                
                    
                    <mahara:instructions></mahara:instructions>
                    
                
                
                
            </mahara:blockinstance>
            
            <mahara:blockinstance mahara:blocktype="image" mahara:blocktitle="Bloc - images" mahara:positionx="4" mahara:positiony="0" mahara:height="28" mahara:width="5">
                
                    
                    <mahara:artefactid>[&quot;portfolio:artefact86426&quot;]</mahara:artefactid>
                    
                
                    
                    <mahara:showdescription>[false]</mahara:showdescription>
                    
                
                    
                    <mahara:width>[&quot;&quot;]</mahara:width>
                    
                
                    
                    <mahara:retractable>[0]</mahara:retractable>
                    
                
                    
                    <mahara:retractedonload>[0]</mahara:retractedonload>
                    
                
                
                
            </mahara:blockinstance>
            
            <mahara:blockinstance mahara:blocktype="image" mahara:blocktitle="Silouhette " mahara:positionx="5" mahara:positiony="28" mahara:height="40" mahara:width="4">
                
                    
                    <mahara:artefactid>[&quot;portfolio:artefact86428&quot;]</mahara:artefactid>
                    
                
                    
                    <mahara:showdescription>[false]</mahara:showdescription>
                    
                
                    
                    <mahara:width>[&quot;&quot;]</mahara:width>
                    
                
                    
                    <mahara:retractable>[0]</mahara:retractable>
                    
                
                    
                    <mahara:retractedonload>[0]</mahara:retractedonload>
                    
                
                
                
            </mahara:blockinstance>
            
            <mahara:blockinstance mahara:blocktype="externalvideo" mahara:blocktitle="Tutoriel Mahara" mahara:positionx="1" mahara:positiony="30" mahara:height="42" mahara:width="3">
                
                    
                    <mahara:videoid>[&quot;&lt;iframe class=\&quot;externalvideoiframe\&quot; width=\&quot;640\&quot; height=\&quot;480\&quot; src=\&quot;https:\/\/www.youtube.com\/embed\/rkp0i5Vsq3s?start=\&quot; allowfullscreen=\&quot;1\&quot;&gt;&lt;\/iframe&gt;&quot;]</mahara:videoid>
                    
                
                    
                    <mahara:width>[640]</mahara:width>
                    
                
                    
                    <mahara:height>[480]</mahara:height>
                    
                
                    
                    <mahara:tags>[null]</mahara:tags>
                    
                
                    
                    <mahara:retractable>[0]</mahara:retractable>
                    
                
                    
                    <mahara:retractedonload>[0]</mahara:retractedonload>
                    
                
                    
                    <mahara:html>[&quot;&lt;iframe class=\&quot;externalvideoiframe\&quot; width=\&quot;640\&quot; height=\&quot;480\&quot; src=\&quot;https:\/\/www.youtube.com\/embed\/rkp0i5Vsq3s?start=\&quot; allowfullscreen=\&quot;1\&quot;&gt;&lt;\/iframe&gt;&quot;]</mahara:html>
                    
                
                
                
            </mahara:blockinstance>
            
        
        </mahara:view>
    </entry>

    <entry>
        <title>Journal de Fatine Bashir</title>
        <id>portfolio:artefact86282</id>

        <updated>2022-09-20T16:04:27+02:00</updated>
        <published>2022-09-20T16:04:27+02:00</published>




        <content type="xhtml"><div xmlns="http://www.w3.org/1999/xhtml"><div></div></div></content>
        <rdf:type rdf:resource="leap2:selection"/>
        <mahara:artefactplugin mahara:type="blog" mahara:plugin="blog"/>


        <category term="Blog" scheme="categories:selection_type#"/>




    </entry>


    <entry>
        <title>Images de couverture</title>
        <id>portfolio:artefact86395</id>

        <updated>2022-09-20T16:04:33+02:00</updated>
        <published>2022-09-20T16:04:33+02:00</published>




        <content></content>
        <rdf:type rdf:resource="leap2:selection"/>
        <mahara:artefactplugin mahara:type="folder" mahara:plugin="file"/>


        <category term="Folder" scheme="categories:selection_type#"/>




    </entry>


    <entry>
        <title>télécharger.jpg</title>
        <id>portfolio:artefact86414</id>

        <updated>2022-09-20T16:04:58+02:00</updated>
        <published>2022-09-20T16:04:58+02:00</published>




        <content type="xhtml"><div xmlns="http://www.w3.org/1999/xhtml"><div></div></div></content>
        <rdf:type rdf:resource="leap2:resource"/>
        <mahara:artefactplugin mahara:type="image" mahara:plugin="file"/>
        <link rel="enclosure" type="image/jpeg" href="export_info/files/86414-télécharger.jpg"/>


        <category term="Offline" scheme="categories:resource_type#" label="File"/>




    </entry>


    <entry>
        <title>R.jpg</title>
        <id>portfolio:artefact86426</id>

        <updated>2022-09-20T16:04:24+02:00</updated>
        <published>2022-09-20T16:04:24+02:00</published>




        <content type="xhtml"><div xmlns="http://www.w3.org/1999/xhtml"><div></div></div></content>
        <rdf:type rdf:resource="leap2:resource"/>
        <mahara:artefactplugin mahara:type="image" mahara:plugin="file"/>
        <link rel="enclosure" type="image/jpeg" href="export_info/files/86426-R.jpg"/>
        <link rel="leap2:is_part_of" href="portfolio:view30802"/>


        <category term="Offline" scheme="categories:resource_type#" label="File"/>




    </entry>


    <entry>
        <title>télécharger.jpg.1</title>
        <id>portfolio:artefact86428</id>

        <updated>2022-09-20T16:04:11+02:00</updated>
        <published>2022-09-20T16:04:11+02:00</published>




        <content type="xhtml"><div xmlns="http://www.w3.org/1999/xhtml"><div></div></div></content>
        <rdf:type rdf:resource="leap2:resource"/>
        <mahara:artefactplugin mahara:type="image" mahara:plugin="file"/>
        <link rel="enclosure" type="image/jpeg" href="export_info/files/86428-télécharger.jpg.1"/>
        <link rel="leap2:is_part_of" href="portfolio:view30802"/>


        <category term="Offline" scheme="categories:resource_type#" label="File"/>




    </entry>


    <entry>
        <title>Fatine Bashir</title>
        <id>portfolio:artefactinternal</id>

        <updated>2022-09-20T16:04:27+02:00</updated>





        <content></content>
        <rdf:type rdf:resource="leap2:person"/>
        <mahara:artefactplugin mahara:type="internal" mahara:plugin="internal"/>


        <category term="Self" scheme="categories:person_type#"/>






        <leap2:persondata
            mahara:artefactplugin="internal"
            mahara:artefacttype="email"

            leap2:field="email"

            leap2:label="Adresse de courriel"

        >fatine.bashir@etu.u-pec.fr</leap2:persondata>

        <leap2:persondata
            mahara:artefactplugin="internal"
            mahara:artefacttype="firstname"

            leap2:field="legal_given_name"

            leap2:label="Prénom"

        >Fatine</leap2:persondata>

        <leap2:persondata
            mahara:artefactplugin="internal"
            mahara:artefacttype="lastname"

            leap2:field="legal_family_name"

            leap2:label="Nom"

        >BASHIR</leap2:persondata>

        <leap2:persondata
            mahara:artefactplugin="internal"
            mahara:artefacttype="preferredname"

            leap2:field="preferred_given_name"

            leap2:label="Nom préféré"

        >Fatine Bashir</leap2:persondata>

        <leap2:persondata
            mahara:artefactplugin="internal"
            mahara:artefacttype="studentid"

            leap2:field="other"

            leap2:label="Identifiant étudiant"

        >u32206188</leap2:persondata>


    </entry>

</feed>
